GeneName	ProteinProduct	ProteinID	ReferenceGenome MutationSite	ReferenceAllele	SNPAllele	PercentageIsolatesWithSNP	TraitsAssociated
JKKDPAEF_00206	IS66 family transposase ISEc23	JKKDPAEF_00206	236104	A	C	1.8%	p186B
JKKDPAEF_00297	hypothetical protein	JKKDPAEF_00297	318068	GG	GA	1.9%	p630P
JKKDPAEF_00890	hypothetical protein	JKKDPAEF_00890	959719	ACGCACA	GCGTAGC	6.9%	p261P
agp	Glucose-1-phosphatase	JKKDPAEF_01073	1129589	CCT	ACC	29.8%	p331F
JKKDPAEF_01225	hypothetical protein	JKKDPAEF_01225	1275120	GTTATCTGCGTCA	GTTATCTGCATCA	9.7%	p630P
JKKDPAEF_01379	hypothetical protein	JKKDPAEF_01379	1418185	GT	GC	22.8%	p210B
JKKDPAEF_01379	hypothetical protein	JKKDPAEF_01379	1418533	A	T	16.7%	p331F
JKKDPAEF_01400	hypothetical protein	JKKDPAEF_01400	1440661	GG	GA	5.4%	p112PL
JKKDPAEF_01407	hypothetical protein	JKKDPAEF_01407	1443597	AAATTTTCCGTTGGCTGGAT	AAATTTTCCGCTGGGTAGAG	7.3%	p069PL
JKKDPAEF_01456	hypothetical protein	JKKDPAEF_01456	1486800	AAGTTTTTCACTTCC	AAGTTATTTACTTCC	1.9%	p630P
JKKDPAEF_01457	hypothetical protein	JKKDPAEF_01457	1487649	TTTCCCTAAGGCA	TTTTCCTGAAGCA	0.9%	p186F
ompX_3	Outer membrane protein X	JKKDPAEF_02111	2143638	GCCCTTCAGGTCATCACTG	GCCCTTCAGGTCATCGCTG	47.8%	p630P
JKKDPAEF_02112	hypothetical protein	JKKDPAEF_02112	2144626	ATGTTTG	ATGCTTA	37.3%	p572FHCM
JKKDPAEF_02112	hypothetical protein	JKKDPAEF_02112	2144902	ATAA	ATGG	42%	p572PLE
flk	Flagellar regulator flk	JKKDPAEF_02552	2630326	G	A	16.7%	p112PL
JKKDPAEF_03185	IS3 family transposase IS2	JKKDPAEF_03185	3324323	G	A	7.5%	p331F
JKKDPAEF_03197	hypothetical protein	JKKDPAEF_03197	3335285	GCCT	GCCA	7.3%	p186B
JKKDPAEF_03219	hypothetical protein	JKKDPAEF_03219	3358094	TATCATCA	CATAACCA	4.5%	p186P
kpsD	Polysialic acid transport protein KpsD	JKKDPAEF_03227	3367400	AGGAGTTG	AGGGGTTG	82.2%	p630P
JKKDPAEF_03229	hypothetical protein	JKKDPAEF_03229	3369574	AAAAGTT	AAAAATC	78.5%	p069PL
JKKDPAEF_03229	hypothetical protein	JKKDPAEF_03229	3370025	ACACG	ACACT	50.5%	p526RVM	 p186B
JKKDPAEF_03230	hypothetical protein	JKKDPAEF_03230	3370198	GCAA	ACAA	75.7%	p266F	 p204B	 p069FHC
JKKDPAEF_03230	hypothetical protein	JKKDPAEF_03230	3370941	AATTAT	AGTTAT	50.9%	p201RV
JKKDPAEF_03230	hypothetical protein	JKKDPAEF_03230	3371376	GGGGGTAGATGTTTTACCATAACATTATGAAAGATAAGGATT	GGAGGAGTAAAATTTGAGAATGCATTGGGTATGAATAAAGATT	72.5%	p210B
kpsT	Polysialic acid transport ATP-binding protein KpsT	JKKDPAEF_03235	3377950	TAAGTGGGCG	CAATTGAGCG	94.7%	p261P
kpsM	Polysialic acid transport protein KpsM	JKKDPAEF_03236	3379769	ACTCA	ACTCG	61.1%	p266F
epsM	Type II secretion system protein M	JKKDPAEF_03237	3379933	CAGC	CAGT	93.4%	p261P	 p204B
JKKDPAEF_03238	hypothetical protein	JKKDPAEF_03238	3381988	G	A	1%	p261P
flu_2	Antigen 43	JKKDPAEF_04005	4191843	AGACTCC	AGGCTCC	82.6%	p261P
cbtA_3	Cytoskeleton-binding toxin CbtA	JKKDPAEF_04012	4196206	AGAAT	AGAAC	7.3%	p069PL
lpd	Dihydrolipoyl dehydrogenase	JKKDPAEF_04443	4655938	ATGTGGCAGTTATGGGGGGGGGGCCAGGT	ATGTGGCAGTTATGGGGGGGGGCCAGGT	5.3%	pBB2A
cadC	Transcriptional activator CadC	JKKDPAEF_04546	4776422	CATTGTCTACC	CATGGTCTACC	7.3%	p331F
JKKDPAEF_04704	hypothetical protein	JKKDPAEF_04704	4935216	T	G	8%	p186F
JKKDPAEF_04747	hypothetical protein	JKKDPAEF_04747	4975436	TGGCCCTGA	TGACCCTGA	0.9%	p069FHC
idnT	Gnt-II system L-idonate transporter	JKKDPAEF_04762	4993278	C	T	0.9%	p186F
yjhG	D-xylonate dehydratase YjhG	JKKDPAEF_04763	4996064	G	A	1.9%	p186P
lgoD_2	L-galactonate-5-dehydrogenase	JKKDPAEF_04828	5065107	AATCTGATTCGTCACGGTGGCACGGTGGT	AATTTGATTCGTCACGGCGGCACGGTGGT	2.6%	p572FHCM
